업종명,종목명,number
조선,동방선기,291
조선,HSD엔진,291
조선,상상인인더스트리,291
조선,인화정공,291
조선,한국카본,291
조선,대우조선해양,291
조선,STX중공업,291
조선,현대중공업,291
조선,삼영엠텍,291
조선,STX엔진,291
조선,케이프,291
조선,대양전기공업,291
조선,오리엔탈정공,291
조선,케이에스피,291
조선,세진중공업,291
조선,삼성중공업,291
조선,일승,291
조선,한라IMS,291
조선,한국조선해양,291
조선,삼성중공우,291
조선,현대미포조선,291
조선,삼영이엔씨,291
조선,삼강엠앤티,291
조선,에스앤더블류,291
조선,메디콕스,291
건설,삼일기업공사,279
건설,태영건설우,279
건설,현대건설,279
건설,특수건설,279
건설,희림,279
건설,금화피에스시,279
건설,동아지질,279
건설,남화토건,279
건설,삼성엔지니어링,279
건설,삼부토건,279
건설,동부건설,279
건설,한미글로벌,279
건설,아이에스동서,279
건설,GS건설,279
건설,남광토건,279
건설,태영건설,279
건설,대우건설,279
건설,현대건설우,279
건설,한신공영,279
건설,코오롱글로벌우,279
건설,신세계건설,279
건설,DL이앤씨,279
건설,일진파워,279
건설,금호건설우,279
건설,DL건설,279
건설,HDC현대산업개발,279
건설,서한,279
건설,금호건설,279
건설,진흥기업,279
건설,자이에스앤디,279
건설,계룡건설,279
건설,코리아에스이,279
건설,동부건설우,279
건설,일성건설,279
건설,SGC이테크건설,279
건설,에쓰씨엔지니어링,279
건설,신원종합개발,279
건설,DL이앤씨2우(전환),279
건설,우원개발,279
건설,KCC건설,279
건설,DL이앤씨우,279
건설,서희건설,279
건설,삼호개발,279
건설,HJ중공업,279
건설,화성산업,279
건설,KD,279
건설,유신,279
건설,성도이엔지,279
건설,동원개발,279
건설,도화엔지니어링,279
건설,웰크론한텍,279
건설,HDC,279
건설,한라,279
건설,코오롱글로벌,279
건설,동신건설,279
건설,KT서브마린,279
건설,세보엠이씨,279
건설,HDC랩스,279
건설,대원,279
건설,진흥기업우B,279
건설,상지카일룸,279
건설,진흥기업2우B,279
건설,웰크론,279
건설,우진아이엔에스,279
건설,범양건영,279
건설,한국종합기술,279
건설,이엔코퍼레이션,279
건설,그린플러스,279
건설,국보디자인,279
건설,한양이엔지,279
건설,까뮤이앤씨,279
건설,셀루메드,279
무역회사와판매업체,GS글로벌,334
무역회사와판매업체,포스코인터내셔널,334
무역회사와판매업체,STX,334
무역회사와판매업체,현대코퍼레이션,334
무역회사와판매업체,LX인터내셔널,334
에너지장비및서비스,비에이치아이,295
에너지장비및서비스,수산인더스트리,295
에너지장비및서비스,에스에너지,295
에너지장비및서비스,태웅,295
에너지장비및서비스,현대에너지솔루션,295
에너지장비및서비스,씨에스윈드,295
에너지장비및서비스,유니슨,295
에너지장비및서비스,KG케미칼,295
에너지장비및서비스,대한그린파워,295
에너지장비및서비스,SDN,295
에너지장비및서비스,파루,295
에너지장비및서비스,비디아이,295
에너지장비및서비스,서남,295
에너지장비및서비스,플래스크,295
에너지장비및서비스,오르비텍,295
에너지장비및서비스,제이씨케미칼,295
에너지장비및서비스,윌링스,295
에너지장비및서비스,지엔원에너지,295
에너지장비및서비스,스페코,295
에너지장비및서비스,에코바이오,295
에너지장비및서비스,SGC에너지,295
에너지장비및서비스,대명에너지,295
전기장비,지투파워,306
전기장비,현대일렉트릭,306
전기장비,효성중공업,306
전기장비,제룡전기,306
전기장비,LS,306
전기장비,대한광통신,306
전기장비,제룡산업,306
전기장비,대원전선우,306
전기장비,LS,306
전기장비,대한전선,306
전기장비,선도전기,306
전기장비,제일전기공업,306
전기장비,세명전기,306
전기장비,대원전선,306
전기장비,이화전기,306
전기장비,지엔씨에너지,306
전기장비,LS전선아시아,306
전기장비,보성파워텍,306
전기장비,비나텍,306
전기장비,비츠로테크,306
전기장비,광명전기,306
전기장비,KBI메탈,306
전기장비,서전기전,306
전기장비,범한퓨얼셀,306
전기장비,일진홀딩스,306
전기장비,일진전기,306
전기장비,피앤씨테크,306
전기장비,가온전선,306
철강,세아제강,304
철강,세아제강지주,304
철강,휴스틸,304
철강,대한제강,304
철강,한국선재,304
철강,동국제강,304
철강,경남스틸,304
철강,대호특수강,304
철강,화인베스틸,304
철강,TCC스틸,304
철강,CS홀딩스,304
철강,조선선재,304
철강,DSR제강,304
철강,삼현철강,304
철강,KG스틸,304
철강,대창스틸,304
철강,원일특강,304
철강,한국특강,304
철강,동일제강,304
철강,KG,304
철강,대호특수강우,304
철강,부국철강,304
철강,한국철강,304
철강,POSCO홀딩스,304
철강,하이스틸,304
철강,고려제강,304
철강,한국주강,304
철강,현대제철,304
철강,동국산업,304
철강,세아베스틸지주,304
철강,세아특수강,304
철강,한일철강,304
철강,동국S&C,304
철강,동일산업,304
철강,휴먼엔,304
철강,영흥,304
철강,KISCO홀딩스,304
철강,문배철강,304
철강,동일철강,304
철강,대동스틸,304
철강,광진실업,304
철강,유에스티,304
철강,동양철관,304
철강,만호제강,304
철강,세아홀딩스,304
철강,제이스코홀딩스,304
철강,NI스틸,304
철강,금강철강,304
철강,SHD,304
철강,한국주철관,304
철강,포스코엠텍,304
철강,동양에스텍,304
철강,아주스틸,304
가스유틸리티,대성에너지,312
가스유틸리티,경동도시가스,312
가스유틸리티,한국가스공사,312
가스유틸리티,지에스이,312
가스유틸리티,인천도시가스,312
가스유틸리티,예스코홀딩스,312
가스유틸리티,SK가스,312
가스유틸리티,E1,312
가스유틸리티,한진중공업홀딩스,312
가스유틸리티,삼천리,312
가스유틸리티,서울가스,312
가스유틸리티,대성홀딩스,312
항공화물운송과물류,KCTC,326
항공화물운송과물류,CJ대한통운,326
항공화물운송과물류,유수홀딩스,326
항공화물운송과물류,세방,326
항공화물운송과물류,한진,326
항공화물운송과물류,삼일,326
항공화물운송과물류,국보,326
항공화물운송과물류,동방,326
항공화물운송과물류,세방우,326
항공화물운송과물류,현대글로비스,326
항공화물운송과물류,한익스프레스,326
항공화물운송과물류,인터지스,326
항공화물운송과물류,한솔로지스틱스,326
기계,태광,299
기계,성광벤드,299
기계,하이록코리아,299
기계,아스플로,299
기계,디케이락,299
기계,케이피에프,299
기계,비엠티,299
기계,디와이피엔에프,299
기계,현대건설기계,299
기계,우진플라임,299
기계,나인테크,299
기계,두산에너빌리티,299
기계,넥스턴바이오,299
기계,SNT에너지,299
기계,원방테크,299
기계,TPC,299
기계,흥국,299
기계,에이비프로바이오,299
기계,강원에너지,299
기계,화천기계,299
기계,엔케이,299
기계,혜인,299
기계,디와이파워,299
기계,수산중공업,299
기계,알에스오토메이션,299
기계,두산밥캣,299
기계,부스타,299
기계,현대엘리베이,299
기계,동일금속,299
기계,씨에스베어링,299
기계,나라엠앤디,299
기계,대창솔루션,299
기계,대창단조,299
기계,SIMPAC,299
기계,진성티이씨,299
기계,CNT85,299
기계,참존글로벌,299
기계,한국정밀기계,299
기계,뉴로스,299
기계,현대에버다임,299
기계,와이지-원,299
기계,한국테크놀로지,299
기계,아세아텍,299
기계,대모,299
기계,기신정기,299
기계,큐로,299
기계,현대로템,299
기계,조광ILI,299
기계,영풍정밀,299
기계,에이프로젠,299
기계,디와이,299
기계,화성밸브,299
기계,에이치케이,299
기계,이엠코리아,299
기계,테라사이언스,299
기계,화천기공,299
기계,포메탈,299
기계,KC그린홀딩스,299
기계,서암기계공업,299
기계,3S,299
기계,광림,299
기계,자비스,299
기계,이엔플러스,299
기계,대동,299
기계,TYM,299
기계,에스엠코어,299
기계,현대두산인프라코어,299
기계,코윈테크,299
기계,EV수성,299
기계,KC코트렐,299
기계,에이테크솔루션,299
기계,티에스넥스젠,299
기계,로보스타,299
기계,에너토크,299
기계,우림피티에스,299
기계,티에스아이,299
기계,에쎈테크,299
기계,한신기계,299
기계,에스피시스템스,299
기계,스맥,299
기계,해성티피씨,299
기계,파라텍,299
기계,휴림로봇,299
기계,삼익THK,299
기계,우진,299
기계,로보티즈,299
기계,코메론,299
기계,프리엠스,299
기계,에스에프에이,299
기계,대동기어,299
기계,신진에스엠,299
기계,레인보우로보틱스,299
기계,유일로보틱스,299
다각화된소비자서비스,이상네트웍스,339
건축자재,동화기업,289
건축자재,조광페인트,289
건축자재,동양파일,289
건축자재,노루홀딩스우,289
건축자재,KCC,289
건축자재,LX하우시스,289
건축자재,한일홀딩스,289
건축자재,KH,289
건축자재,벽산,289
건축자재,노루페인트,289
건축자재,동양2우B,289
건축자재,한솔홈데코,289
건축자재,한일시멘트,289
건축자재,일신석재,289
건축자재,KCC글라스,289
건축자재,삼일씨엔에스,289
건축자재,LX하우시스우,289
건축자재,이건산업,289
건축자재,부산산업,289
건축자재,라이온켐텍,289
건축자재,아세아시멘트,289
건축자재,쌍용C&E,289
건축자재,노루페인트우,289
건축자재,강남제비스코,289
건축자재,성신양회,289
건축자재,동양우,289
건축자재,고려시멘트,289
건축자재,유니온,289
건축자재,삼표시멘트,289
건축자재,동양,289
건축자재,한일현대시멘트,289
건축자재,성신양회우,289
건축자재,노루홀딩스,289
건축자재,서산,289
건축자재,다스코,289
건축자재,보광산업,289
건축자재,삼화페인트,289
건축자재,모헨즈,289
건축자재,중앙디앤엠,289
건축자재,에스와이,289
건축자재,유진기업,289
건축자재,홈센타홀딩스,289
건축자재,SG,289
건축자재,제이엠멀티,289
사무용전자제품,신도리코,338
복합기업,두산,276
복합기업,두산2우B,276
복합기업,두산우,276
복합기업,SK,276
복합기업,삼성물산,276
복합기업,삼성물산우B,276
복합기업,CJ우,276
복합기업,SK우,276
복합기업,효성,276
복합기업,LX홀딩스,276
복합기업,SK네트웍스,276
복합기업,코오롱,276
복합기업,LG,276
복합기업,SK네트웍스우,276
복합기업,LG우,276
복합기업,웅진,276
복합기업,CJ,276
복합기업,코오롱우,276
복합기업,LX홀딩스1우,276
복합기업,CJ4우(전환),276
복합유틸리티,지역난방공사,331
비철금속,삼아알미늄,322
비철금속,현대비앤지스틸,322
비철금속,대창,322
비철금속,조일알미늄,322
비철금속,아이티센,322
비철금속,포스코스틸리온,322
비철금속,DSR,322
비철금속,티플랙스,322
비철금속,피제이메탈,322
비철금속,황금에스티,322
비철금속,제일연마,322
비철금속,풍산홀딩스,322
비철금속,풍산,322
비철금속,고려아연,322
비철금속,코센,322
비철금속,현대비앤지스틸우,322
비철금속,태경산업,322
비철금속,세아메카닉스,322
비철금속,이구산업,322
비철금속,남선알미우,322
비철금속,한창산업,322
비철금속,조선내화,322
비철금속,케이피티유,322
비철금속,서원,322
비철금속,파버나인,322
비철금속,EG,322
비철금속,일야,322
비철금속,대양금속,322
비철금속,디씨엠,322
비철금속,한국내화,322
비철금속,알루코,322
비철금속,남선알미늄,322
비철금속,태경비케이,322
비철금속,국일신동,322
비철금속,대호에이엘,322
비철금속,동국알앤에스,322
비철금속,일진다이아,322
비철금속,삼보산업,322
비철금속,쎄니트,322
다각화된통신서비스,KT,339
다각화된통신서비스,세종텔레콤,339
다각화된통신서비스,인스코비,339
다각화된통신서비스,한국정보통신,339
생명보험,한화,330
생명보험,한화3우B,330
생명보험,삼성생명,330
생명보험,한화우,330
생명보험,동양생명,330
생명보험,한화생명,330
생명보험,미래에셋생명,330
전기유틸리티,한전KPS,325
전기유틸리티,한전기술,325
전기유틸리티,한전산업,325
전기유틸리티,한국전력,325
문구류,삼성출판사,332
문구류,모나미,332
상업서비스와공급품,양지사,324
상업서비스와공급품,자연과환경,324
상업서비스와공급품,고려신용정보,324
상업서비스와공급품,리파인,324
상업서비스와공급품,나이스디앤비,324
상업서비스와공급품,에스원,324
상업서비스와공급품,현대이지웰,324
상업서비스와공급품,효성ITX,324
상업서비스와공급품,제넨바이오,324
상업서비스와공급품,유네코,324
상업서비스와공급품,한국코퍼레이션,324
상업서비스와공급품,한국기업평가,324
상업서비스와공급품,아이마켓코리아,324
상업서비스와공급품,이크레더블,324
상업서비스와공급품,NICE,324
상업서비스와공급품,누리플랜,324
상업서비스와공급품,KTis,324
상업서비스와공급품,KTcs,324
상업서비스와공급품,나이스정보통신,324
상업서비스와공급품,SCI평가정보,324
상업서비스와공급품,NICE평가정보,324
상업서비스와공급품,제이엠아이,324
상업서비스와공급품,사람인에이치알,324
상업서비스와공급품,코엔텍,324
상업서비스와공급품,인선이엔티,324
전기제품,새빗켐,283
전기제품,성일하이텍,283
전기제품,엔켐,283
전기제품,크로바하이텍,283
전기제품,에이치와이티씨,283
전기제품,아비코전자,283
전기제품,엠플러스,283
전기제품,대보마그네틱,283
전기제품,SK아이이테크놀로지,283
전기제품,에스피지,283
전기제품,씨아이에스,283
전기제품,신화콘텍,283
전기제품,피엔티,283
전기제품,비츠로셀,283
전기제품,천보,283
전기제품,이지트로닉스,283
전기제품,LG에너지솔루션,283
전기제품,신흥에스이씨,283
전기제품,명성티엔에스,283
전기제품,두산퓨얼셀1우,283
전기제품,지아이텍,283
전기제품,UCI,283
전기제품,서울전자통신,283
전기제품,두산퓨얼셀2우B,283
전기제품,두산퓨얼셀,283
전기제품,삼성SDI,283
전기제품,에코프로비엠,283
전기제품,성문전자,283
전기제품,뉴인텍,283
전기제품,삼영전자,283
전기제품,엘앤에프,283
전기제품,와이엠텍,283
전기제품,삼화전기,283
전기제품,파워넷,283
전기제품,디에이테크놀로지,283
전기제품,에스퓨얼셀,283
전기제품,에스씨디,283
전기제품,삼성SDI우,283
전기제품,성호전자,283
전기제품,KH,283
전기제품,이노메트리,283
전기제품,원익피앤이,283
전기제품,에이에프더블류,283
전기제품,동양이엔피,283
전기제품,삼화콘덴서,283
전기제품,피에스텍,283
전기제품,성문전자우,283
전기제품,원준,283
전기제품,엔에스,283
담배,KT&G,275
담배,애머릿지,275
건축제품,제일테크노스,320
건축제품,대림B&Co,320
건축제품,윈하이텍,320
건축제품,와토스코리아,320
건축제품,금강공업,320
건축제품,삼목에스폼,320
건축제품,이건홀딩스,320
건축제품,국영지앤엠,320
건축제품,덕신하우징,320
건축제품,베노홀딩스,320
건축제품,대림통상,320
건축제품,TKG애강,320
건축제품,프럼파스트,320
건축제품,금강공업우,320
건축제품,뉴보텍,320
우주항공과국방,한화에어로스페이스,284
우주항공과국방,휴니드,284
우주항공과국방,휴센텍,284
우주항공과국방,어스앤에어로스페이스,284
우주항공과국방,한화시스템,284
우주항공과국방,한국항공우주,284
우주항공과국방,LIG넥스원,284
우주항공과국방,아이쓰리시스템,284
우주항공과국방,빅텍,284
우주항공과국방,퍼스텍,284
우주항공과국방,제노코,284
우주항공과국방,쎄트렉아이,284
우주항공과국방,켄코아에어로스페이스,284
우주항공과국방,아스트,284
우주항공과국방,에이트원,284
우주항공과국방,하이즈항공,284
가정용기기와용품,하츠,298
가정용기기와용품,NPC우,298
가정용기기와용품,NPC,298
가정용기기와용품,쿠쿠홈시스,298
가정용기기와용품,쿠쿠홀딩스,298
가정용기기와용품,코웨이,298
가정용기기와용품,신일전자,298
가정용기기와용품,PN풍년,298
가정용기기와용품,자이글,298
가정용기기와용품,파세코,298
가정용기기와용품,신성델타테크,298
가정용기기와용품,부방,298
가정용기기와용품,피코그램,298
가정용기기와용품,현대그린푸드,298
가정용기기와용품,새로닉스,298
가정용기기와용품,한독크린텍,298
가정용기기와용품,위닉스,298
가정용기기와용품,엔바이오니아,298
가정용기기와용품,위니아,298
가정용기기와용품,경동나비엔,298
가정용기기와용품,유진로봇,298
가정용기기와용품,오텍,298
가정용기기와용품,케이엠,298
가정용기기와용품,에브리봇,298
식품,푸드나무,268
식품,SPC삼립,268
식품,롯데지주우,268
식품,롯데지주,268
식품,오리온,268
식품,팜스코,268
식품,에이치피오,268
식품,사조산업,268
식품,오리온홀딩스,268
식품,우성,268
식품,동원수산,268
식품,남양유업우,268
식품,신라교역,268
식품,롯데제과,268
식품,에스앤디,268
식품,하림지주,268
식품,CJ씨푸드1우,268
식품,동우팜투테이블,268
식품,엠에스씨,268
식품,삼양홀딩스,268
식품,대상홀딩스,268
식품,매일홀딩스,268
식품,대상홀딩스우,268
식품,대상,268
식품,농심홀딩스,268
식품,조흥,268
식품,신라에스지,268
식품,동원F&B,268
식품,사조오양,268
식품,삼양사우,268
식품,삼양홀딩스우,268
식품,남양유업,268
식품,대상우,268
식품,대한제당우,268
식품,풀무원,268
식품,사조대림,268
식품,동원산업,268
식품,오뚜기,268
식품,농심,268
식품,한성기업,268
식품,서울식품,268
식품,크라운제과우,268
식품,체리부로,268
식품,교촌에프앤비,268
식품,대한제당,268
식품,샘표식품,268
식품,매일유업,268
식품,대한제분,268
식품,마니커,268
식품,이지바이오,268
식품,CJ제일제당,268
식품,보락,268
식품,푸드웰,268
식품,서울식품우,268
식품,CJ제일제당,268
식품,동서,268
식품,윙입푸드,268
식품,우리손에프앤지,268
식품,크라운해태홀딩스우,268
식품,크라운제과,268
식품,선진,268
식품,빙그레,268
식품,인산가,268
식품,웰바이오텍,268
식품,CJ씨푸드,268
식품,대주산업,268
식품,미래생명자원,268
식품,한일사료,268
식품,사조씨푸드,268
식품,한국맥널티,268
식품,큐로홀딩스,268
식품,사조동아원,268
식품,팜스토리,268
식품,하림,268
식품,고려산업,268
식품,정다운,268
식품,삼양사,268
식품,한탑,268
식품,이지홀딩스,268
식품,마니커에프앤지,268
식품,카나리아바이오,268
식품,크라운해태홀딩스,268
식품,삼양식품,268
식품,케이씨피드,268
식품,샘표,268
식품,해태제과식품,268
식품,우양,268
식품,HLB글로벌,268
식품,메지온,268
카드,삼성카드,337
부동산,한창,280
부동산,마스턴프리미어리츠,280
부동산,신한알파리츠,280
부동산,한국자산신탁,280
부동산,한국토지신탁,280
부동산,신한서부티엔디리츠,280
부동산,케이탑리츠,280
부동산,이리츠코크렙,280
부동산,SK디앤디,280
부동산,코람코더원리츠,280
부동산,디앤디플랫폼리츠,280
부동산,NH올원리츠,280
부동산,모두투어리츠,280
부동산,미래에셋글로벌리츠,280
부동산,에이리츠,280
부동산,코람코에너지리츠,280
부동산,ESR켄달스퀘어리츠,280
부동산,SK리츠,280
부동산,롯데리츠,280
부동산,NH프라임리츠,280
부동산,제이알글로벌리츠,280
부동산,미래에셋맵스리츠,280
부동산,이지스밸류리츠,280
부동산,이지스레지던스리츠,280
부동산,이스타코,280
운송인프라,선광,296
운송인프라,SG&G,296
운송인프라,맥쿼리인프라,296
운송인프라,서호전기,296
운송인프라,현대무벡스,296
운송인프라,한국공항,296
운송인프라,토탈소프트,296
기타금융,한국캐피탈,319
기타금융,우리종금,319
기타금융,리드코프,319
기타금융,CNH,319
기타금융,글로벌텍스프리,319
기타금융,ES큐브,319
기타금융,메이슨캐피탈,319
기타금융,푸른저축은행,319
종이와목재,깨끗한나라우,318
종이와목재,무림P&P,318
종이와목재,한솔PNS,318
종이와목재,무림SP,318
종이와목재,성창기업지주,318
종이와목재,해성산업1우,318
종이와목재,무림페이퍼,318
종이와목재,페이퍼코리아,318
종이와목재,한솔홀딩스,318
종이와목재,깨끗한나라,318
종이와목재,해성산업,318
종이와목재,한솔제지,318
종이와목재,국일제지,318
종이와목재,영풍제지,318
종이와목재,SUN&L,318
백화점과일반상점,광주신세계,264
백화점과일반상점,이마트,264
백화점과일반상점,롯데쇼핑,264
백화점과일반상점,현대백화점,264
백화점과일반상점,BGF,264
백화점과일반상점,신세계,264
백화점과일반상점,대구백화점,264
백화점과일반상점,GS리테일,264
백화점과일반상점,베뉴지,264
백화점과일반상점,JTC,264
백화점과일반상점,BGF리테일,264
백화점과일반상점,세이브존I&C,264
포장재,승일,311
포장재,삼화왕관,311
포장재,한국수출포장,311
포장재,대영포장,311
포장재,대륙제관,311
포장재,삼륭물산,311
포장재,동원시스템즈우,311
포장재,아세아제지,311
포장재,신대양제지,311
포장재,원림,311
포장재,대양제지,311
포장재,동원시스템즈,311
포장재,태림포장,311
포장재,아세아,311
포장재,삼보판지,311
포장재,펌텍코리아,311
포장재,율촌화학,311
포장재,신풍제지,311
포장재,대림제지,311
포장재,세림B&G,311
포장재,연우,311
포장재,한창제지,311
포장재,삼양패키징,311
포장재,엠투엔,311
포장재,금비,311
포장재,한국팩키지,311
포장재,락앤락,311
포장재,세하,311
해운사,KSS해운,323
해운사,대한해운,323
해운사,태웅로직스,323
해운사,바다로19호,323
해운사,팬오션,323
해운사,HMM,323
해운사,흥아해운,323
해운사,와이엔텍,323
전문소매,위즈코프,328
전문소매,세기상사,328
전문소매,케이카,328
전문소매,위니아에이드,328
전문소매,롯데하이마트,328
전문소매,도이치모터스,328
레저용장비와제품,골프존뉴딘홀딩스,271
레저용장비와제품,손오공,271
레저용장비와제품,오로라,271
레저용장비와제품,알톤스포츠,271
레저용장비와제품,삼천리자전거,271
레저용장비와제품,헝셩그룹,271
레저용장비와제품,이녹스,271
레저용장비와제품,삼익악기,271
레저용장비와제품,블리츠웨이,271
레저용장비와제품,브이씨,271
판매업체,서울옥션,265
판매업체,에프앤리퍼블릭,265
판매업체,쎌마테라퓨틱스,265
판매업체,디에스앤엘,265
판매업체,코오롱티슈진,265
판매업체,YW,265
판매업체,케이옥션,265
판매업체,대명소노시즌,265
판매업체,세우글로벌,265
판매업체,큐렉소,265
판매업체,플레이그램,265
판매업체,한창바이오텍,265
자동차,쌍용차,273
자동차,스마트솔루션즈,273
자동차,현대차,273
자동차,현대차3우B,273
자동차,현대차2우B,273
자동차,엘브이엠씨홀딩스,273
자동차,기아,273
자동차,현대차우,273
자동차,KR모터스,273
화장품,CSA,266
화장품,원익,266
화장품,올리패스,266
화장품,선진뷰티사이언스,266
화장품,현대퓨처넷,266
화장품,아이패밀리에스씨,266
화장품,아모레퍼시픽,266
화장품,코디,266
화장품,협진,266
화장품,코스온,266
화장품,디와이디,266
화장품,본느,266
화장품,휴엠앤씨,266
화장품,아모레G3우(전환),266
화장품,세화피앤씨,266
화장품,글로본,266
화장품,LG생활건강,266
화장품,브이티지엠피,266
화장품,제이준코스메틱,266
화장품,아모레G우,266
화장품,애경산업,266
화장품,코리아나,266
화장품,스킨앤스킨,266
화장품,한국콜마홀딩스,266
화장품,코스맥스,266
화장품,오가닉티코스메틱,266
화장품,코스나인,266
화장품,아모레G,266
화장품,한국콜마,266
화장품,현대바이오랜드,266
화장품,코스메카코리아,266
화장품,아모레퍼시픽우,266
화장품,메디앙스,266
화장품,리더스코스메틱,266
화장품,씨앤씨인터내셔널,266
화장품,한국화장품제조,266
화장품,한국화장품,266
화장품,내츄럴엔도텍,266
화장품,엔에프씨,266
화장품,컬러레이,266
화장품,아우딘퓨쳐스,266
화장품,네오팜,266
화장품,씨티케이,266
화장품,현대바이오,266
화장품,에이블씨엔씨,266
화장품,토니모리,266
화장품,잇츠한불,266
화장품,LG생활건강우,266
화장품,라파스,266
화장품,바른손,266
화장품,잉글우드랩,266
화장품,클리오,266
화장품,제닉,266
화장품,에스디생명공학,266
기타,블루탑,25
기타,판도라티비,25
기타,오션스톤,25
기타,이엠티,25
기타,테크엔,25
기타,대주이엔티,25
기타,KB,25
기타,삼성,25
기타,삼성,25
기타,엄지하우스,25
기타,이앤에치,25
기타,대신,25
기타,파워풀엑스,25
기타,TRUE,25
기타,나라소프트,25
기타,럭스피아,25
기타,신한,25
기타,노브메타파마,25
기타,시큐센,25
기타,유니포인트,25
기타,QV,25
기타,신한,25
기타,TRUE,25
기타,삼성,25
기타,SOL,25
기타,큐엠씨,25
기타,에스케이씨에스,25
기타,삼성,25
기타,TRUE,25
기타,KB,25
기타,KBSTAR,25
기타,삼성,25
기타,TIGER,25
기타,미래에셋,25
기타,HANARO,25
기타,TRUE,25
기타,QV,25
기타,미래에셋,25
기타,TRUE,25
기타,KB,25
기타,KBSTAR,25
기타,신한,25
기타,비엘헬스케어,25
기타,미래에셋,25
기타,빅텐츠,25
기타,나눔테크,25
기타,하나,25
기타,TIGER,25
기타,삼성,25
기타,신한,25
기타,TIGER,25
기타,KODEX,25
기타,안지오랩,25
기타,TRUE,25
기타,ARIRANG,25
기타,하나,25
기타,KBSTAR,25
기타,TIGER,25
기타,ARIRANG,25
기타,KOSEF,25
기타,TRUE,25
기타,메리츠,25
기타,QV,25
기타,신한,25
기타,KODEX,25
기타,KBSTAR,25
기타,미래에셋,25
기타,삼성,25
기타,TRUE,25
기타,TRUE,25
기타,KINDEX,25
기타,신한,25
기타,KB,25
기타,하나,25
기타,KOSEF,25
기타,KODEX,25
기타,TRUE,25
기타,SOL,25
기타,KBSTAR,25
기타,KB,25
기타,대동고려삼,25
기타,청광건설,25
기타,TIGER,25
기타,대신,25
기타,메리츠,25
기타,SOL,25
기타,대신,25
기타,메리츠,25
기타,신한,25
기타,KODEX,25
기타,KB,25
기타,KODEX,25
기타,HANARO,25
기타,TRUE,25
기타,삼성,25
기타,메디쎄이,25
기타,삼성,25
기타,메리츠,25
기타,미래에셋,25
기타,KODEX,25
기타,대신,25
기타,TRUE,25
기타,휴벡셀,25
기타,미래에셋,25
기타,KINDEX,25
기타,신한,25
기타,KB,25
기타,대신,25
기타,KODEX,25
기타,TIGER,25
기타,에스엘에스바이오,25
기타,신한,25
기타,메리츠,25
기타,신한,25
기타,파마리서치바이오,25
기타,QV,25
기타,KODEX,25
기타,미래에셋,25
기타,TIGER,25
기타,원포유,25
기타,KODEX,25
기타,KINDEX,25
기타,TRUE,25
기타,무진메디,25
기타,삼성,25
기타,바스칸바이오제약,25
기타,삼성,25
기타,TRUE,25
기타,하나,25
기타,KOSEF,25
기타,메리츠,25
기타,KOSEF,25
기타,메리츠,25
기타,HANARO,25
기타,HLB사이언스,25
기타,KBSTAR,25
기타,KODEX,25
기타,신한,25
기타,TIGER,25
기타,KODEX,25
기타,KB,25
기타,신한,25
기타,TRUE,25
기타,KODEX,25
기타,TIGER,25
기타,KB,25
기타,TRUE,25
기타,TIGER,25
기타,KOSEF,25
기타,미래에셋,25
기타,삼성,25
기타,ARIRANG,25
기타,TIGER,25
기타,메리츠,25
기타,메디젠휴먼케어,25
기타,메리츠,25
기타,미래에셋,25
기타,KODEX,25
기타,신한,25
기타,대신,25
기타,미래에셋,25
기타,KBSTAR,25
기타,히어로즈,25
기타,삼성,25
기타,KBSTAR,25
기타,TIGER,25
기타,코나솔,25
기타,프로테옴텍,25
기타,QV,25
기타,TIGER,25
기타,메리츠,25
기타,신한,25
기타,ARIRANG,25
기타,TRUE,25
기타,KODEX,25
기타,삼성,25
기타,신한,25
기타,대신,25
기타,TRUE,25
기타,KB,25
기타,TRUE,25
기타,TIGER,25
기타,KODEX,25
기타,KBSTAR,25
기타,신한,25
기타,신한,25
기타,HANARO,25
기타,메리츠,25
기타,KINDEX,25
기타,KODEX,25
기타,삼성,25
기타,신한,25
기타,KODEX,25
기타,KINDEX,25
기타,TIGER,25
기타,TIGER,25
기타,TIGER,25
기타,TIGER,25
기타,TIGER,25
기타,신한,25
기타,ARIRANG,25
기타,HANARO,25
기타,TIGER,25
기타,KODEX,25
기타,TIGER,25
기타,KOSEF,25
기타,ARIRANG,25
기타,엘리비젼,25
기타,미래에셋,25
기타,QV,25
기타,SOL,25
기타,KODEX,25
기타,KOSEF,25
기타,ARIRANG,25
기타,히어로즈,25
기타,미래에셋,25
기타,KODEX,25
기타,키움,25
기타,KINDEX,25
기타,메리츠,25
기타,메리츠,25
기타,TIGER,25
기타,신한,25
기타,KBSTAR,25
기타,KINDEX,25
기타,메리츠,25
기타,삼성,25
기타,KODEX,25
기타,KINDEX,25
기타,KBSTAR,25
기타,KBSTAR,25
기타,KINDEX,25
기타,KBSTAR,25
기타,KINDEX,25
기타,KINDEX,25
기타,메리츠,25
기타,엔지브이아이,25
기타,KODEX,25
기타,대신,25
기타,TIGER,25
기타,KINDEX,25
기타,TRUE,25
기타,메리츠,25
기타,신한,25
기타,신한,25
기타,신한,25
기타,삼성,25
기타,크로넥스,25
기타,히어로즈,25
기타,TIGER,25
기타,KODEX,25
기타,미래에셋,25
기타,KB,25
기타,KODEX,25
기타,TRUE,25
기타,KB,25
기타,TIGER,25
기타,TIGER,25
기타,TIGER,25
기타,KBSTAR,25
기타,KODEX,25
기타,히어로즈,25
기타,아이케이세미콘,25
기타,TIGER,25
기타,신한,25
기타,TIGER,25
기타,TIGER,25
기타,KODEX,25
기타,KODEX,25
기타,KBSTAR,25
기타,KBSTAR,25
기타,히어로즈,25
기타,TIGER,25
기타,KBSTAR,25
기타,KODEX,25
기타,미래에셋,25
기타,TIGER,25
기타,KODEX,25
기타,SOL,25
기타,TIGER,25
기타,KOSEF,25
기타,KODEX,25
기타,TIGER,25
기타,KBSTAR,25
기타,KODEX,25
기타,KBSTAR,25
기타,에이치엔에스하이텍,25
기타,에스엔피제네틱스,25
기타,씨앗,25
기타,KC산업,25
기타,KOSEF,25
기타,엔솔바이오사이언스,25
기타,위월드,25
기타,피노텍,25
기타,한국ANKOR유전,25
기타,디피코,25
기타,한국패러랠,25
기타,렌딩머신,25
기타,수프로,25
기타,코셋,25
기타,KINDEX,25
기타,데이터스트림즈,25
기타,바이오프로테크,25
기타,에이펙스인텍,25
기타,미래엔에듀파트너,25
기타,KODEX,25
기타,비엔디생활건강,25
기타,HK,25
기타,로지스몬,25
기타,메디안디노스틱,25
기타,에이원알폼,25
기타,ARIRANG,25
기타,굿센,25
기타,KODEX,25
기타,TIGER,25
기타,씨앤에스링크,25
기타,TIGER,25
기타,나우코스,25
기타,KINDEX,25
기타,명진홀딩스,25
기타,다이오진,25
기타,KBSTAR,25
기타,KODEX,25
기타,KODEX,25
기타,ARIRANG,25
기타,KODEX,25
기타,바이오시네틱스,25
기타,라이프사이언스테크놀로지,25
기타,마이티,25
기타,KINDEX,25
기타,KINDEX,25
기타,지앤이헬스케어,25
기타,더콘텐츠온,25
기타,TIGER,25
기타,엘에이티,25
기타,노드메이슨,25
기타,타임기술,25
기타,KODEX,25
기타,KBSTAR,25
기타,KINDEX,25
기타,데이드림엔터,25
기타,TIGER,25
기타,이성씨엔아이,25
기타,HANARO,25
기타,KBSTAR,25
기타,히어로즈,25
기타,KODEX,25
기타,ARIRANG,25
기타,신한,25
기타,신한,25
기타,신한,25
기타,대신,25
기타,대신,25
기타,미래에셋,25
기타,미래에셋,25
기타,미래에셋,25
기타,미래에셋,25
기타,미래에셋,25
기타,미래에셋,25
기타,미래에셋,25
기타,삼성,25
기타,삼성,25
기타,삼성,25
기타,삼성,25
기타,삼성,25
기타,삼성,25
기타,삼성,25
기타,삼성,25
기타,삼성,25
기타,삼성,25
기타,QV,25
기타,QV,25
기타,QV,25
기타,QV,25
기타,QV,25
기타,QV,25
기타,QV,25
기타,QV,25
기타,QV,25
기타,TRUE,25
기타,TRUE,25
기타,TRUE,25
기타,TRUE,25
기타,TRUE,25
기타,TRUE,25
기타,TRUE,25
기타,KB,25
기타,KB,25
기타,미래에셋,25
기타,메리츠,25
기타,메리츠,25
기타,메리츠,25
기타,메리츠,25
기타,메리츠,25
기타,메리츠,25
기타,메리츠,25
기타,메리츠,25
기타,메리츠,25
기타,하나,25
기타,하나,25
기타,하나,25
기타,하나,25
기타,KODEX,25
기타,KINDEX,25
기타,KBSTAR,25
기타,신한,25
기타,KOSEF,25
기타,TIGER,25
기타,KBSTAR,25
기타,메리츠,25
기타,KODEX,25
기타,TIGER,25
기타,TIMEFOLIO,25
기타,신한,25
기타,TRUE,25
기타,TRUE,25
기타,TRUE,25
기타,TIGER,25
기타,대신,25
기타,TRUE,25
기타,마이다스,25
기타,KBSTAR,25
기타,파워,25
기타,신한,25
기타,신한,25
기타,메리츠,25
기타,KODEX,25
기타,TIGER,25
기타,메리츠,25
기타,KBSTAR,25
기타,KOSEF,25
기타,KINDEX,25
기타,TRUE,25
기타,TIGER,25
기타,ARIRANG,25
기타,KBSTAR,25
기타,HANARO,25
기타,로보쓰리,25
기타,KBSTAR,25
기타,ARIRANG,25
기타,KBSTAR,25
기타,KBSTAR,25
기타,KINDEX,25
기타,ARIRANG,25
기타,KINDEX,25
기타,KODEX,25
기타,TIGER,25
기타,KOSEF,25
기타,KBSTAR,25
기타,KODEX,25
기타,TIGER,25
기타,KODEX,25
기타,ARIRANG,25
기타,ARIRANG,25
기타,TIGER,25
기타,HANARO,25
기타,TIGER,25
기타,TIGER,25
기타,KBSTAR,25
기타,FOCUS,25
기타,KODEX,25
기타,KBSTAR,25
기타,KBSTAR,25
기타,KBSTAR,25
기타,KODEX,25
기타,이노벡스,25
기타,KODEX,25
기타,마이티,25
기타,KODEX,25
기타,TIGER,25
기타,TIGER,25
기타,KINDEX,25
기타,KODEX,25
기타,KODEX,25
기타,진코스텍,25
기타,KBSTAR,25
기타,신한,25
기타,KBSTAR,25
기타,삼성,25
기타,TIGER,25
기타,TIGER,25
기타,KBSTAR,25
기타,KODEX,25
기타,SOL,25
기타,ARIRANG,25
기타,TIGER,25
기타,KINDEX,25
기타,KODEX,25
기타,KBSTAR,25
기타,ARIRANG,25
기타,KINDEX,25
기타,KBSTAR,25
기타,KINDEX,25
기타,삼성,25
기타,ARIRANG,25
기타,SOL,25
기타,HANARO,25
기타,KODEX,25
기타,삼성,25
기타,KOSEF,25
기타,골프존데카,25
기타,에스제이켐,25
기타,KOSEF,25
기타,KODEX,25
기타,ARIRANG,25
기타,KODEX,25
기타,메리츠,25
기타,WOORI,25
기타,HANARO,25
기타,메리츠,25
기타,KBSTAR,25
기타,KODEX,25
기타,메리츠,25
기타,KBSTAR,25
기타,KBSTAR,25
기타,ARIRANG,25
기타,SOL,25
기타,TIMEFOLIO,25
기타,KODEX,25
기타,KODEX,25
기타,KOSEF,25
기타,TIGER,25
기타,ARIRANG,25
기타,신한,25
기타,KODEX,25
기타,ARIRANG,25
기타,관악산업,25
기타,ARIRANG,25
기타,대신,25
기타,미래에셋,25
기타,KINDEX,25
기타,미래에셋,25
기타,TIGER,25
기타,TIGER,25
기타,맵스리얼티1,25
기타,코스텍시스템,25
기타,TIGER,25
기타,KODEX,25
기타,TIGER,25
기타,TIGER,25
기타,ARIRANG,25
기타,KB,25
기타,메리츠,25
기타,KODEX,25
기타,베트남개발1,25
기타,TIGER,25
기타,KINDEX,25
기타,KODEX,25
기타,ARIRANG,25
기타,신한,25
기타,삼성,25
기타,KBSTAR,25
기타,유엑스엔,25
기타,KODEX,25
기타,ARIRANG,25
기타,KODEX,25
기타,SOL,25
기타,대신,25
기타,TIGER,25
기타,KINDEX,25
기타,ARIRANG,25
기타,타스컴,25
기타,KOSEF,25
기타,ARIRANG,25
기타,TIGER,25
기타,KBSTAR,25
기타,KODEX,25
기타,신한,25
기타,인바이츠바이오코아,25
기타,KODEX,25
기타,SOL,25
기타,ARIRANG,25
기타,KINDEX,25
기타,ARIRANG,25
기타,KBSTAR,25
기타,듀켐바이오,25
기타,TIGER,25
기타,삼성,25
기타,KOSEF,25
기타,TIGER,25
기타,KBSTAR,25
기타,신한,25
기타,KODEX,25
기타,메리츠,25
기타,ARIRANG,25
기타,대신,25
기타,TRUE,25
기타,메리츠,25
기타,KBSTAR,25
기타,TIGER,25
기타,TIGER,25
기타,미래에셋,25
기타,메리츠,25
기타,KINDEX,25
기타,ARIRANG,25
기타,TIGER,25
기타,KODEX,25
기타,KODEX,25
기타,TIGER,25
기타,KODEX,25
기타,TIGER,25
기타,FOCUS,25
기타,ARIRANG,25
기타,TREX,25
기타,파워,25
기타,KOSEF,25
기타,KODEX,25
기타,ARIRANG,25
기타,TIGER,25
기타,KBSTAR,25
기타,KODEX,25
기타,KODEX,25
기타,무송지오씨,25
기타,삼성,25
기타,KODEX,25
기타,메리츠,25
기타,KOSEF,25
기타,탑선,25
기타,KODEX,25
기타,ARIRANG,25
기타,HANARO,25
기타,신한,25
기타,KB,25
기타,TIGER,25
기타,KODEX,25
기타,ARIRANG,25
기타,KBSTAR,25
기타,TIGER,25
기타,KINDEX,25
기타,TIGER,25
기타,KODEX,25
기타,KODEX,25
기타,ARIRANG,25
기타,KODEX,25
기타,HANARO,25
기타,KB,25
기타,하나,25
기타,TIGER,25
기타,KBSTAR,25
기타,KBSTAR,25
기타,마이다스,25
기타,KB,25
기타,KINDEX,25
기타,도부마스크,25
기타,삼성,25
기타,삼성,25
기타,KINDEX,25
기타,HANARO,25
기타,신한,25
기타,신한,25
기타,QV,25
기타,KINDEX,25
기타,KODEX,25
기타,KODEX,25
기타,TIGER,25
기타,KOSEF,25
기타,신한,25
기타,KINDEX,25
기타,KODEX,25
기타,KODEX,25
기타,TIGER,25
기타,KODEX,25
기타,KODEX,25
기타,KB,25
기타,KOSEF,25
기타,TIGER,25
기타,피엔아이컴퍼니,25
기타,KBSTAR,25
기타,KODEX,25
기타,KINDEX,25
기타,신한,25
기타,신한,25
기타,TIGER,25
기타,ARIRANG,25
기타,TIGER,25
기타,FOCUS,25
기타,TIGER,25
기타,KINDEX,25
기타,TIGER,25
기타,TIGER,25
기타,KBSTAR,25
기타,ARIRANG,25
기타,KBSTAR,25
기타,ARIRANG,25
기타,메리츠,25
기타,TIGER,25
기타,HANARO,25
기타,HANARO,25
기타,HANARO,25
기타,신한,25
기타,KINDEX,25
기타,HANARO,25
기타,KINDEX,25
기타,삼성,25
기타,TRUE,25
기타,KOSEF,25
기타,TIGER,25
기타,KINDEX,25
기타,MASTER,25
기타,신한,25
기타,KOSEF,25
기타,KBSTAR,25
기타,HANARO,25
기타,ARIRANG,25
기타,KODEX,25
기타,KODEX,25
기타,QV,25
기타,TRUE,25
기타,KOSEF,25
기타,TIGER,25
기타,TIGER,25
기타,파워,25
기타,KBSTAR,25
기타,WOORI,25
기타,TRUE,25
기타,TREX,25
기타,SOL,25
기타,KODEX,25
기타,질경이,25
기타,KODEX,25
기타,KBSTAR,25
기타,TIGER,25
기타,KODEX,25
기타,ARIRANG,25
기타,신한,25
기타,KODEX,25
기타,KINDEX,25
기타,KBSTAR,25
기타,TIGER,25
기타,TIGER,25
기타,ARIRANG,25
기타,KODEX,25
기타,KODEX,25
기타,KODEX,25
기타,KODEX,25
기타,대신,25
기타,KINDEX,25
기타,TIMEFOLIO,25
기타,KBSTAR,25
기타,ARIRANG,25
기타,삼성,25
기타,HANARO,25
기타,TIGER,25
기타,KODEX,25
기타,UNICORN,25
기타,TIGER,25
기타,KODEX,25
기타,SOL,25
기타,메리츠,25
기타,KOSEF,25
기타,KBSTAR,25
기타,SOL,25
기타,대신343,25
기타,KODEX,25
기타,KINDEX,25
기타,TIGER,25
기타,KB,25
기타,KODEX,25
기타,KODEX,25
기타,TIGER,25
기타,ARIRANG,25
기타,ARIRANG,25
기타,KODEX,25
기타,SOL,25
기타,KBSTAR,25
기타,KODEX,25
기타,TIGER,25
기타,KODEX,25
기타,ARIRANG,25
기타,KODEX,25
기타,HK,25
기타,KBSTAR,25
기타,ARIRANG,25
기타,TIGER,25
기타,KBSTAR,25
기타,KB,25
기타,TIGER,25
기타,TIGER,25
기타,루켄테크놀러지스,25
기타,KINDEX,25
기타,삼성,25
기타,메리츠,25
기타,TIGER,25
기타,TIGER,25
기타,TIGER,25
기타,HANARO,25
기타,TIGER,25
기타,KBSTAR,25
기타,KBSTAR,25
기타,KINDEX,25
기타,메리츠,25
기타,KODEX,25
기타,HANARO,25
기타,KBSTAR,25
기타,미래에셋,25
기타,QV,25
기타,SOL,25
기타,KBSTAR,25
기타,KINDEX,25
기타,HANARO,25
기타,TIGER,25
기타,KODEX,25
기타,KBSTAR,25
기타,KODEX,25
기타,KINDEX,25
기타,HK,25
기타,TIGER,25
기타,KBSTAR,25
기타,TRUE,25
기타,KTOP,25
기타,TIGER,25
기타,미래에셋,25
기타,TRUE,25
기타,KODEX,25
기타,KB,25
기타,KODEX,25
기타,TIMEFOLIO,25
기타,삼성,25
기타,선바이오,25
기타,KODEX,25
기타,하나,25
기타,KBSTAR,25
기타,KODEX,25
기타,KBSTAR,25
기타,KODEX,25
기타,유비온,25
기타,KODEX,25
기타,셀젠텍,25
기타,HANARO,25
기타,KBSTAR,25
기타,KODEX,25
기타,TIGER,25
기타,KINDEX,25
기타,미래에셋,25
기타,하나,25
기타,KODEX,25
기타,신한,25
기타,EMB,25
기타,HANARO,25
기타,TIMEFOLIO,25
기타,KODEX,25
기타,ARIRANG,25
기타,KBSTAR,25
기타,메리츠,25
기타,삼성,25
기타,삼성,25
기타,TIGER,25
기타,하나,25
기타,에셋플러스,25
기타,삼성,25
기타,TIGER,25
기타,KBSTAR,25
기타,볼빅,25
기타,KINDEX,25
기타,TIGER,25
기타,HANARO,25
기타,KODEX,25
기타,KODEX,25
기타,에셋플러스,25
기타,TRUE,25
기타,태양기계,25
기타,삼성,25
기타,KINDEX,25
기타,KBSTAR,25
기타,엔에스컴퍼니,25
기타,KODEX,25
기타,TIGER,25
기타,에셋플러스,25
기타,TIGER,25
기타,틸론,25
기타,KINDEX,25
기타,메리츠,25
기타,KODEX,25
기타,펨토바이오메드,25
기타,KB,25
기타,미래에셋,25
기타,TRUE,25
기타,KODEX,25
기타,TIGER,25
기타,KOSEF,25
기타,TIGER,25
기타,신한,25
기타,TIGER,25
기타,메리츠,25
기타,하나,25
기타,ARIRANG,25
기타,ARIRANG,25
기타,TIGER,25
기타,KOSEF,25
기타,KODEX,25
기타,대신,25
기타,KOSEF,25
기타,TIGER,25
기타,삼성,25
기타,KODEX,25
기타,KBSTAR,25
기타,KBSTAR,25
기타,KBSTAR,25
기타,MASTER,25
기타,메리츠,25
기타,SK시그넷,25
기타,VITA,25
기타,TRUE,25
기타,KINDEX,25
기타,QV,25
기타,베른,25
기타,TIGER,25
기타,HANARO,25
기타,KODEX,25
기타,KODEX,25
기타,TIGER,25
기타,KINDEX,25
기타,TIGER,25
기타,TIMEFOLIO,25
기타,TIGER,25
기타,KBSTAR,25
기타,TIGER,25
기타,하나,25
기타,KODEX,25
기타,KODEX,25
기타,TIGER,25
기타,HANARO,25
기타,KODEX,25
기타,TIGER,25
기타,KBSTAR,25
기타,신한,25
기타,씨알푸드,25
기타,TIGER,25
기타,TIGER,25
기타,KINDEX,25
기타,ARIRANG,25
기타,신한,25
기타,TRUE,25
기타,KODEX,25
기타,TIGER,25
기타,KODEX,25
기타,TIGER,25
기타,TIGER,25
기타,삼성,25
기타,HANARO,25
기타,TRUE,25
기타,TIGER,25
기타,TRUE,25
기타,KODEX,25
기타,KB,25
기타,KBSTAR,25
기타,KBSTAR,25
기타,ARIRANG,25
기타,KB,25
기타,KBSTAR,25
기타,KINDEX,25
기타,HANARO,25
기타,KBSTAR,25
기타,HANARO,25
기타,TIGER,25
기타,KODEX,25
기타,TIGER,25
기타,TIGER,25
기타,KB,25
기타,KBSTAR,25
기타,KBSTAR,25
기타,대신,25
기타,삼성,25
기타,삼성,25
기타,KODEX,25
기타,삼성,25
기타,삼성,25
기타,대신,25
기타,삼성,25
기타,미래에셋,25
기타,신한,25
기타,KBSTAR,25
기타,TIGER,25
기타,SOL,25
기타,KINDEX,25
기타,TIGER,25
기타,HANARO,25
기타,TIGER,25
기타,플럼라인생명과학,25
기타,TIGER,25
기타,TIGER,25
기타,KODEX,25
기타,TIGER,25
기타,KODEX,25
기타,KODEX,25
기타,KINDEX,25
기타,삼성,25
기타,씨엔티드림,25
기타,KB,25
기타,TIGER,25
기타,KODEX,25
기타,신한,25
기타,한중엔시에스,25
기타,삼성,25
기타,다원넥스뷰,25
기타,유투바이오,25
기타,테크트랜스,25
기타,KODEX,25
기타,TIGER,25
기타,루트락,25
기타,KBSTAR,25
기타,HANARO,25
기타,KBSTAR,25
기타,TIGER,25
기타,KOSEF,25
기타,KODEX,25
기타,TIGER,25
기타,이노진,25
기타,TRUE,25
기타,KODEX,25
기타,스템랩,25
기타,삼성,25
기타,앙츠,25
기타,삼성,25
기타,엔에스엠,25
기타,KB,25
기타,아퓨어스,25
기타,이비테크,25
기타,바이오인프라생명과학,25
기타,TIGER,25
기타,뿌리깊은나무들,25
기타,제노텍,25
기타,한국미라클피플사,25
기타,썬테크,25
기타,에스알바이오텍,25
기타,에스엠비나,25
화학,금양,272
화학,코스모화학,272
화학,OCI,272
화학,코스모신소재,272
화학,삼영화학,272
화학,동성화인텍,272
화학,이수화학,272
화학,경농,272
화학,경인양행,272
화학,한화솔루션,272
화학,켐트로스,272
화학,조비,272
화학,송원산업,272
화학,한국알콜,272
화학,나노신소재,272
화학,동방아그로,272
화학,남해화학,272
화학,효성오앤비,272
화학,포스코케미칼,272
화학,SH에너지화학,272
화학,진양산업,272
화학,국도화학,272
화학,금호석유,272
화학,한농화성,272
화학,성보화학,272
화학,롯데케미칼,272
화학,대한유화,272
화학,태경케미컬,272
화학,미원홀딩스,272
화학,금호석유우,272
화학,진양폴리,272
화학,후성,272
화학,미원상사,272
화학,대한화섬,272
화학,SKC,272
화학,동남합성,272
화학,녹원씨엔아이,272
화학,나노캠텍,272
화학,동성케미컬,272
화학,미원에스씨,272
화학,KBG,272
화학,누보,272
화학,GRT,272
화학,스타플렉스,272
화학,애경케미칼,272
화학,에코프로에이치엔,272
화학,KPX케미칼,272
화학,원풍,272
화학,한솔케미칼,272
화학,효성첨단소재,272
화학,KPX홀딩스,272
화학,케이디켐,272
화학,한국석유,272
화학,미원화학,272
화학,SK케미칼,272
화학,한화솔루션우,272
화학,PI첨단소재,272
화학,삼영무역,272
화학,DL우,272
화학,HRS,272
화학,에코프로,272
화학,KCI,272
화학,진양홀딩스,272
화학,씨큐브,272
화학,전진바이오팜,272
화학,코오롱플라스틱,272
화학,웹스,272
화학,코오롱인더우,272
화학,DL,272
화학,태광산업,272
화학,이화산업,272
화학,카프로,272
화학,TKG휴켐스,272
화학,백광산업,272
화학,WISCOM,272
화학,SK케미칼우,272
화학,켐트로닉스,272
화학,영보화학,272
화학,AK홀딩스,272
화학,테이팩스,272
화학,한일화학,272
화학,원익머트리얼즈,272
화학,오공,272
화학,코오롱인더,272
화학,인바이오,272
화학,에스폴리텍,272
화학,유니드,272
화학,진양화학,272
화학,대유,272
화학,아셈스,272
화학,나노,272
화학,티케이케미칼,272
화학,원익큐브,272
화학,석경에이티,272
화학,효성화학,272
화학,롯데정밀화학,272
화학,이엔에프테크놀로지,272
화학,크리스탈신소재,272
화학,나노씨엠에스,272
화학,대정화금,272
화학,LG화학우,272
화학,케이피엠테크,272
화학,나노브릭,272
화학,파미셀,272
화학,피엔에이치테크,272
화학,쎄노텍,272
화학,레몬,272
화학,이엔드디,272
화학,레이크머티리얼즈,272
화학,LG화학,272
화학,그린케미칼,272
화학,와이오엠,272
화학,엔피케이,272
화학,와이엠티,272
컴퓨터와주변기기,율호,293
컴퓨터와주변기기,에이루트,293
컴퓨터와주변기기,아이디스홀딩스,293
컴퓨터와주변기기,씨아이테크,293
컴퓨터와주변기기,아이디피,293
컴퓨터와주변기기,센트럴인사이트,293
컴퓨터와주변기기,BNGT,293
컴퓨터와주변기기,메디프론,293
컴퓨터와주변기기,잉크테크,293
컴퓨터와주변기기,주연테크,293
컴퓨터와주변기기,한국정보공학,293
컴퓨터와주변기기,딜리,293
컴퓨터와주변기기,케이씨티,293
컴퓨터와주변기기,푸른기술,293
컴퓨터와주변기기,파커스,293
컴퓨터와주변기기,피씨디렉트,293
컴퓨터와주변기기,우리로,293
컴퓨터와주변기기,엔에스엔,293
컴퓨터와주변기기,디지아이,293
컴퓨터와주변기기,빅솔론,293
컴퓨터와주변기기,인포마크,293
컴퓨터와주변기기,에이텍,293
컴퓨터와주변기기,앱코,293
컴퓨터와주변기기,에이텍티앤,293
건강관리장비와용품,덴티움,281
건강관리장비와용품,아이센스,281
건강관리장비와용품,덴티스,281
건강관리장비와용품,제이브이엠,281
건강관리장비와용품,바텍,281
건강관리장비와용품,이노테라피,281
건강관리장비와용품,오스템임플란트,281
건강관리장비와용품,한국비엔씨,281
건강관리장비와용품,디오,281
건강관리장비와용품,뷰웍스,281
건강관리장비와용품,신흥,281
건강관리장비와용품,루트로닉,281
건강관리장비와용품,디알젬,281
건강관리장비와용품,지노믹트리,281
건강관리장비와용품,피제이전자,281
건강관리장비와용품,오스테오닉,281
건강관리장비와용품,노을,281
건강관리장비와용품,지티지웰니스,281
건강관리장비와용품,디알텍,281
건강관리장비와용품,인트로메딕,281
건강관리장비와용품,켈스,281
건강관리장비와용품,피에이치씨,281
건강관리장비와용품,루트로닉3우C,281
건강관리장비와용품,제노레이,281
건강관리장비와용품,엠아이텍,281
건강관리장비와용품,레이언스,281
건강관리장비와용품,솔고바이오,281
건강관리장비와용품,아스타,281
건강관리장비와용품,메타바이오메드,281
건강관리장비와용품,젠큐릭스,281
건강관리장비와용품,세운메디칼,281
건강관리장비와용품,씨유메디칼,281
건강관리장비와용품,한스바이오메드,281
건강관리장비와용품,진시스템,281
건강관리장비와용품,피플바이오,281
건강관리장비와용품,티앤엘,281
건강관리장비와용품,바이오다인,281
건강관리장비와용품,엘앤케이바이오,281
건강관리장비와용품,원바이오젠,281
건강관리장비와용품,휴비츠,281
건강관리장비와용품,제테마,281
건강관리장비와용품,세종메디칼,281
건강관리장비와용품,에스디바이오센서,281
건강관리장비와용품,시너지이노베이션,281
건강관리장비와용품,녹십자엠에스,281
건강관리장비와용품,멕아이씨에스,281
건강관리장비와용품,한컴라이프케어,281
건강관리장비와용품,비올,281
건강관리장비와용품,이오플로우,281
건강관리장비와용품,레이,281
건강관리장비와용품,인터로조,281
건강관리장비와용품,메디아나,281
건강관리장비와용품,코렌텍,281
건강관리장비와용품,이루다,281
건강관리장비와용품,하이로닉,281
건강관리장비와용품,셀바스헬스케어,281
건강관리장비와용품,인바디,281
건강관리장비와용품,셀바스AI,281
건강관리장비와용품,이노시스,281
건강관리장비와용품,제놀루션,281
건강관리장비와용품,수젠텍,281
건강관리장비와용품,클래시스,281
건강관리장비와용품,미코바이오메드,281
건강관리장비와용품,마이크로디지탈,281
건강관리장비와용품,리메드,281
건강관리장비와용품,엘앤씨바이오,281
건강관리장비와용품,나이벡,281
건강관리장비와용품,원텍,281
자동차부품,대우부품,270
자동차부품,에코캡,270
자동차부품,SNT중공업,270
자동차부품,대유에이피,270
자동차부품,대성파인텍,270
자동차부품,SNT홀딩스,270
자동차부품,대성엘텍,270
자동차부품,아진산업,270
자동차부품,체시스,270
자동차부품,한국프랜지,270
자동차부품,태양금속,270
자동차부품,삼성공조,270
자동차부품,대원강업,270
자동차부품,네오티스,270
자동차부품,한일단조,270
자동차부품,유성기업,270
자동차부품,영화금속,270
자동차부품,모토닉,270
자동차부품,HDC현대EP,270
자동차부품,SJM,270
자동차부품,오리엔트정공,270
자동차부품,넥센우,270
자동차부품,티에이치엔,270
자동차부품,우리산업,270
자동차부품,영신금속,270
자동차부품,삼기,270
자동차부품,케이비아이동국실업,270
자동차부품,넥센타이어1우B,270
자동차부품,에스엘,270
자동차부품,에스엠벡셀,270
자동차부품,현대모비스,270
자동차부품,세원정공,270
자동차부품,세원물산,270
자동차부품,새론오토모티브,270
자동차부품,디아크,270
자동차부품,영화테크,270
자동차부품,DRB동일,270
자동차부품,다이나믹디자인,270
자동차부품,팬스타엔터프라이즈,270
자동차부품,엔브이에이치코리아,270
자동차부품,태원물산,270
자동차부품,풍강,270
자동차부품,캐스텍코리아,270
자동차부품,부산주공,270
자동차부품,피에이치에이,270
자동차부품,화신,270
자동차부품,서진오토모티브,270
자동차부품,화승코퍼레이션,270
자동차부품,인팩,270
자동차부품,DN오토모티브,270
자동차부품,오토앤,270
자동차부품,글로벌에스엠,270
자동차부품,성창오토텍,270
자동차부품,동아타이어,270
자동차부품,현대위아,270
자동차부품,이원컴포텍,270
자동차부품,코프라,270
자동차부품,SJM홀딩스,270
자동차부품,오스템,270
자동차부품,동일고무벨트,270
자동차부품,경창산업,270
자동차부품,태양금속우,270
자동차부품,동원금속,270
자동차부품,화승알앤에이,270
자동차부품,한국앤컴퍼니,270
자동차부품,현대공업,270
자동차부품,한국큐빅,270
자동차부품,일진하이솔루스,270
자동차부품,지엠비코리아,270
자동차부품,골든센츄리,270
자동차부품,계양전기,270
자동차부품,네오오토,270
자동차부품,모베이스,270
자동차부품,넥센,270
자동차부품,동아화성,270
자동차부품,우신시스템,270
자동차부품,동양피스톤,270
자동차부품,서연탑메탈,270
자동차부품,솔루에타,270
자동차부품,덕양산업,270
자동차부품,우수AMS,270
자동차부품,모트렉스,270
자동차부품,디와이씨,270
자동차부품,대원산업,270
자동차부품,성우하이텍,270
자동차부품,SG글로벌,270
자동차부품,대유플러스,270
자동차부품,만도,270
자동차부품,대동금속,270
자동차부품,두올,270
자동차부품,한라홀딩스,270
자동차부품,THE,270
자동차부품,일지테크,270
자동차부품,아이에이,270
자동차부품,우리산업홀딩스,270
자동차부품,상신브레이크,270
자동차부품,일정실업,270
자동차부품,한국타이어앤테크놀로지,270
자동차부품,대유에이텍,270
자동차부품,계양전기우,270
자동차부품,서연,270
자동차부품,구영테크,270
자동차부품,유니온머티리얼,270
자동차부품,에코플라스틱,270
자동차부품,삼보모터스,270
자동차부품,티피씨글로벌,270
자동차부품,코리아에프티,270
자동차부품,세동,270
자동차부품,SNT모티브,270
자동차부품,코다코,270
자동차부품,모베이스전자,270
자동차부품,화신정공,270
자동차부품,유니크,270
자동차부품,평화산업,270
자동차부품,엠에스오토텍,270
자동차부품,넥센타이어,270
자동차부품,세종공업,270
자동차부품,유니테크노,270
자동차부품,한국단자,270
자동차부품,서연이화,270
자동차부품,인지컨트롤스,270
자동차부품,디아이씨,270
자동차부품,CBI,270
자동차부품,핸즈코퍼레이션,270
자동차부품,금호타이어,270
자동차부품,유라테크,270
자동차부품,한온시스템,270
자동차부품,트루윈,270
자동차부품,폴라리스세원,270
자동차부품,삼원강재,270
자동차부품,크린앤사이언스,270
자동차부품,세방전지,270
자동차부품,센트랄모텍,270
자동차부품,명신산업,270
자동차부품,로스웰,270
자동차부품,KB오토시스,270
자동차부품,금호에이치티,270
자동차부품,GH신소재,270
자동차부품,평화홀딩스,270
자동차부품,아이윈,270
자동차부품,디젠스,270
항공사,진에어,305
항공사,한진칼,305
항공사,티웨이홀딩스,305
항공사,아시아나항공,305
항공사,티웨이항공,305
항공사,에어부산,305
항공사,대한항공,305
항공사,한진칼우,305
항공사,제주항공,305
항공사,대한항공우,305
도로와철도운송,유성티엔에스,329
도로와철도운송,AJ네트웍스,329
도로와철도운송,천일고속,329
도로와철도운송,레드캡투어,329
도로와철도운송,동양고속,329
도로와철도운송,SK렌터카,329
도로와철도운송,롯데렌탈,329
음료,진로발효,309
음료,하이트진로2우B,309
음료,롯데칠성우,309
음료,무학,309
음료,MH에탄올,309
음료,제주맥주,309
음료,하이트진로,309
음료,하이트진로홀딩스우,309
음료,보해양조,309
음료,국순당,309
음료,창해에탄올,309
음료,롯데칠성,309
음료,하이트진로홀딩스,309
음료,흥국에프엔비,309
음료,풍국주정,309
식품과기본식료품소매,현대코퍼레이션홀딩스,302
식품과기본식료품소매,신송홀딩스,302
식품과기본식료품소매,커머스마이너,302
식품과기본식료품소매,한국가구,302
식품과기본식료품소매,CJ프레시웨이,302
식품과기본식료품소매,지어소프트,302
식품과기본식료품소매,보라티알,302
식품과기본식료품소매,네오크레마,302
석유와가스,HD현대,313
석유와가스,GS우,313
석유와가스,제이엔케이히터,313
석유와가스,중앙에너비스,313
석유와가스,GS,313
석유와가스,대성산업,313
석유와가스,미창석유,313
석유와가스,경동인베스트,313
석유와가스,SK디스커버리,313
석유와가스,S-Oil우,313
석유와가스,흥구석유,313
석유와가스,한국쉘석유,313
석유와가스,SK이노베이션우,313
석유와가스,극동유화,313
석유와가스,S-Oil,313
석유와가스,SK디스커버리우,313
석유와가스,에스아이리소스,313
석유와가스,SK이노베이션,313
석유와가스,이아이디,313
석유와가스,세원이앤씨,313
손해보험,흥국화재우,315
손해보험,인카금융서비스,315
손해보험,삼성화재우,315
손해보험,삼성화재,315
손해보험,한화손해보험,315
손해보험,현대해상,315
손해보험,코리안리,315
손해보험,에이플러스에셋,315
손해보험,DB손해보험,315
손해보험,흥국화재,315
손해보험,메리츠화재,315
손해보험,롯데손해보험,315
손해보험,흥국화재2우B,315
디스플레이패널,코텍,327
디스플레이패널,일진디스플,327
디스플레이패널,LG디스플레이,327
디스플레이패널,비덴트,327
증권,상상인증권,321
증권,신영증권우,321
증권,부국증권,321
증권,미래에셋증권우,321
증권,미래에셋증권2우B,321
증권,SK증권우,321
증권,유안타증권우,321
증권,미래에셋증권,321
증권,부국증권우,321
증권,교보증권,321
증권,신영증권,321
증권,다우기술,321
증권,SK증권,321
증권,NH투자증권우,321
증권,NH투자증권,321
증권,유화증권,321
증권,다우데이타,321
증권,코리아에셋투자증권,321
증권,DB금융투자,321
증권,이베스트투자증권,321
증권,한화투자증권우,321
증권,대신증권,321
증권,유진투자증권,321
증권,대신증권우,321
증권,대신증권2우B,321
증권,유안타증권,321
증권,한양증권,321
증권,한국금융지주우,321
증권,현대차증권,321
증권,삼성증권,321
증권,다올투자증권,321
증권,유화증권우,321
증권,한국금융지주,321
증권,한양증권우,321
증권,한화투자증권,321
증권,키움증권,321
증권,메리츠증권,321
증권,메리츠금융지주,321
가구,시디즈,303
가구,현대리바트,303
가구,듀오백,303
가구,오하임아이엔티,303
가구,에넥스,303
가구,에이스침대,303
가구,퍼시스,303
가구,코아스,303
가구,지누스,303
가구,한샘,303
반도체와반도체장비,아이윈플러스,278
반도체와반도체장비,예스티,278
반도체와반도체장비,티엘비,278
반도체와반도체장비,케이엔더블유,278
반도체와반도체장비,칩스앤미디어,278
반도체와반도체장비,신성이엔지,278
반도체와반도체장비,로체시스템즈,278
반도체와반도체장비,알에프세미,278
반도체와반도체장비,제우스,278
반도체와반도체장비,하이딥,278
반도체와반도체장비,SK스퀘어,278
반도체와반도체장비,피에스엠씨,278
반도체와반도체장비,엠케이전자,278
반도체와반도체장비,바른전자,278
반도체와반도체장비,오킨스전자,278
반도체와반도체장비,에이티세미콘,278
반도체와반도체장비,테라셈,278
반도체와반도체장비,엔지스테크널러지,278
반도체와반도체장비,코디엠,278
반도체와반도체장비,메카로,278
반도체와반도체장비,시스웍,278
반도체와반도체장비,레이저쎌,278
반도체와반도체장비,윈팩,278
반도체와반도체장비,비케이홀딩스,278
반도체와반도체장비,한양디지텍,278
반도체와반도체장비,유니트론텍,278
반도체와반도체장비,원익QnC,278
반도체와반도체장비,WI,278
반도체와반도체장비,티에스이,278
반도체와반도체장비,동진쎄미켐,278
반도체와반도체장비,씨앤지하이테크,278
반도체와반도체장비,미래산업,278
반도체와반도체장비,솔브레인,278
반도체와반도체장비,에이팩트,278
반도체와반도체장비,엔투텍,278
반도체와반도체장비,기가레인,278
반도체와반도체장비,타이거일렉,278
반도체와반도체장비,네패스,278
반도체와반도체장비,에스티아이,278
반도체와반도체장비,영창케미칼,278
반도체와반도체장비,샘씨엔에스,278
반도체와반도체장비,오디텍,278
반도체와반도체장비,삼성전자,278
반도체와반도체장비,원익홀딩스,278
반도체와반도체장비,미코,278
반도체와반도체장비,제너셈,278
반도체와반도체장비,삼성전자우,278
반도체와반도체장비,엘비세미콘,278
반도체와반도체장비,케이씨,278
반도체와반도체장비,마이크로프랜드,278
반도체와반도체장비,앤씨앤,278
반도체와반도체장비,큐에스아이,278
반도체와반도체장비,프로텍,278
반도체와반도체장비,엑시콘,278
반도체와반도체장비,한국전자홀딩스,278
반도체와반도체장비,에이피티씨,278
반도체와반도체장비,성우테크론,278
반도체와반도체장비,다믈멀티미디어,278
반도체와반도체장비,넥스틴,278
반도체와반도체장비,서플러스글로벌,278
반도체와반도체장비,픽셀플러스,278
반도체와반도체장비,텔레칩스,278
반도체와반도체장비,어보브반도체,278
반도체와반도체장비,네온테크,278
반도체와반도체장비,와이아이케이,278
반도체와반도체장비,아이원스,278
반도체와반도체장비,유니퀘스트,278
반도체와반도체장비,가온칩스,278
반도체와반도체장비,코세스,278
반도체와반도체장비,피델릭스,278
반도체와반도체장비,ISC,278
반도체와반도체장비,테크윙,278
반도체와반도체장비,지니틱스,278
반도체와반도체장비,KX하이텍,278
반도체와반도체장비,아이텍,278
반도체와반도체장비,아진엑스텍,278
반도체와반도체장비,엔시트론,278
반도체와반도체장비,KEC,278
반도체와반도체장비,에이디테크놀로지,278
반도체와반도체장비,엑사이엔씨,278
반도체와반도체장비,유니테스트,278
반도체와반도체장비,DB하이텍,278
반도체와반도체장비,네패스아크,278
반도체와반도체장비,알파홀딩스,278
반도체와반도체장비,제주반도체,278
반도체와반도체장비,해성디에스,278
반도체와반도체장비,오로스테크놀로지,278
반도체와반도체장비,러셀,278
반도체와반도체장비,네오셈,278
반도체와반도체장비,엘비루셈,278
반도체와반도체장비,시그네틱스,278
반도체와반도체장비,하나머티리얼즈,278
반도체와반도체장비,뉴파워프라즈마,278
반도체와반도체장비,램테크놀러지,278
반도체와반도체장비,피에스케이,278
반도체와반도체장비,에프에스티,278
반도체와반도체장비,SFA반도체,278
반도체와반도체장비,피에스케이홀딩스,278
반도체와반도체장비,두산테스나,278
반도체와반도체장비,SK하이닉스,278
반도체와반도체장비,제이티,278
반도체와반도체장비,아이앤씨,278
반도체와반도체장비,바이옵트로,278
반도체와반도체장비,HPSP,278
반도체와반도체장비,리노공업,278
반도체와반도체장비,월덱스,278
반도체와반도체장비,젬백스,278
반도체와반도체장비,주성엔지니어링,278
반도체와반도체장비,유니셈,278
반도체와반도체장비,디엔에프,278
반도체와반도체장비,마이크로컨텍솔,278
반도체와반도체장비,원익IPS,278
반도체와반도체장비,덕산하이메탈,278
반도체와반도체장비,케이씨텍,278
반도체와반도체장비,싸이맥스,278
반도체와반도체장비,테스,278
반도체와반도체장비,한미반도체,278
반도체와반도체장비,오션브릿지,278
반도체와반도체장비,비씨엔씨,278
반도체와반도체장비,넥스트칩,278
반도체와반도체장비,에스앤에스텍,278
반도체와반도체장비,티씨케이,278
반도체와반도체장비,GST,278
반도체와반도체장비,라온테크,278
반도체와반도체장비,지앤비에스엔지니어링,278
반도체와반도체장비,이오테크닉스,278
반도체와반도체장비,유진테크,278
반도체와반도체장비,디아이,278
반도체와반도체장비,하나마이크론,278
반도체와반도체장비,엘오티베큠,278
반도체와반도체장비,지오엘리먼트,278
반도체와반도체장비,인텍플러스,278
반도체와반도체장비,코미코,278
반도체와반도체장비,DB하이텍1우,278
전자제품,KH,307
전자제품,팅크웨어,307
전자제품,TJ미디어,307
전자제품,휴맥스,307
전자제품,휴맥스홀딩스,307
전자제품,파인디지털,307
전자제품,경인전자,307
전자제품,모바일어플라이언스,307
전자제품,파이버프로,307
전자제품,가온미디어,307
전자제품,LG전자,307
전자제품,LG전자우,307
전자제품,삼진,307
전자제품,에이디칩스,307
전자제품,홈캐스트,307
전자제품,아남전자,307
전자제품,탑코미디어,307
전자제품,알로이스,307
광고,나스미디어,310
광고,오리콤,310
광고,이엠넷,310
광고,플레이디,310
광고,지투알,310
광고,제일기획,310
광고,인크로스,310
광고,와이즈버즈,310
광고,SM,310
광고,엔비티,310
광고,모비데이즈,310
광고,엔피,310
광고,이노션,310
소프트웨어,웹케시,287
소프트웨어,모아데이타,287
소프트웨어,폴라리스오피스,287
소프트웨어,모바일리더,287
소프트웨어,투비소프트,287
소프트웨어,텔코웨어,287
소프트웨어,시큐브,287
소프트웨어,파수,287
소프트웨어,에스에스알,287
소프트웨어,이니텍,287
소프트웨어,디모아,287
소프트웨어,네이블,287
소프트웨어,영림원소프트랩,287
소프트웨어,세중,287
소프트웨어,코난테크놀로지,287
소프트웨어,미디어젠,287
소프트웨어,포시에스,287
소프트웨어,핸디소프트,287
소프트웨어,디지캡,287
소프트웨어,알티캐스트,287
소프트웨어,아톤,287
소프트웨어,지란지교시큐리티,287
소프트웨어,소프트캠프,287
소프트웨어,라온시큐어,287
소프트웨어,이글루,287
소프트웨어,비즈니스온,287
소프트웨어,SGA,287
소프트웨어,더존비즈온,287
소프트웨어,플랜티넷,287
소프트웨어,휴네시온,287
소프트웨어,이스트소프트,287
소프트웨어,한컴MDS,287
소프트웨어,지니언스,287
소프트웨어,위세아이텍,287
소프트웨어,한컴위드,287
소프트웨어,윈스,287
소프트웨어,안랩,287
소프트웨어,누리플렉스,287
소프트웨어,케이사인,287
소프트웨어,SGA솔루션즈,287
소프트웨어,링크제니시스,287
소프트웨어,비플라이소프트,287
소프트웨어,알서포트,287
소프트웨어,엑셈,287
소프트웨어,아이퀘스트,287
소프트웨어,오비고,287
소프트웨어,엠로,287
소프트웨어,맥스트,287
소프트웨어,비트나인,287
소프트웨어,바이브컴퍼니,287
소프트웨어,브레인즈컴퍼니,287
소프트웨어,네오리진,287
소프트웨어,오상자이엘,287
소프트웨어,한글과컴퓨터,287
소프트웨어,알체라,287
소프트웨어,키네마스터,287
소프트웨어,디어유,287
소프트웨어,스코넥,287
소프트웨어,라온피플,287
통신장비,광무,294
통신장비,뉴지랩파마,294
통신장비,라이트론,294
통신장비,코맥스,294
통신장비,웨이브일렉트로,294
통신장비,컨버즈,294
통신장비,파이오링크,294
통신장비,하이트론,294
통신장비,코콤,294
통신장비,유비쿼스,294
통신장비,머큐리,294
통신장비,에프알텍,294
통신장비,다산네트웍스,294
통신장비,코위버,294
통신장비,유비쿼스홀딩스,294
통신장비,아이즈비전,294
통신장비,오이솔루션,294
통신장비,이노인스트루먼트,294
통신장비,아이크래프트,294
통신장비,우리넷,294
통신장비,인텔리안테크,294
통신장비,피피아이,294
통신장비,유비벨록스,294
통신장비,텔레필드,294
통신장비,다보링크,294
통신장비,인성정보,294
통신장비,삼지전자,294
통신장비,쏠리드,294
통신장비,기산텔레콤,294
통신장비,에스넷,294
통신장비,THQ,294
통신장비,라닉스,294
통신장비,이노와이어리스,294
통신장비,알엔투테크놀로지,294
통신장비,에치에프알,294
통신장비,현대에이치티,294
통신장비,에이스테크,294
통신장비,RF머트리얼즈,294
통신장비,CS,294
통신장비,옵티시스,294
통신장비,RFHIC,294
통신장비,케이엠더블유,294
통신장비,서진시스템,294
통신장비,텔콘RF제약,294
출판,디지틀조선,314
출판,예림당,314
출판,아시아경제,314
출판,디앤씨미디어,314
전자장비와기기,모아텍,282
전자장비와기기,아이씨케이,282
전자장비와기기,아모그린텍,282
전자장비와기기,인콘,282
전자장비와기기,이브이첨단소재,282
전자장비와기기,대주전자재료,282
전자장비와기기,디에이피,282
전자장비와기기,씨엔플러스,282
전자장비와기기,노블엠앤비,282
전자장비와기기,세코닉스,282
전자장비와기기,필옵틱스,282
전자장비와기기,하나기술,282
전자장비와기기,옴니시스템,282
전자장비와기기,동일기연,282
전자장비와기기,우리기술,282
전자장비와기기,윈텍,282
전자장비와기기,디티앤씨,282
전자장비와기기,솔루스첨단소재,282
전자장비와기기,삼화전자,282
전자장비와기기,솔루엠,282
전자장비와기기,엠투아이,282
전자장비와기기,빛샘전자,282
전자장비와기기,매커스,282
전자장비와기기,에이엔피,282
전자장비와기기,에스디시스템,282
전자장비와기기,에스텍,282
전자장비와기기,ITX-AI,282
전자장비와기기,슈프리마아이디,282
전자장비와기기,포인트모바일,282
전자장비와기기,파나케이아,282
전자장비와기기,일진머티리얼즈,282
전자장비와기기,S&K;폴리텍,282
전자장비와기기,코리아써키트2우B,282
전자장비와기기,솔루스첨단소재2우B,282
전자장비와기기,솔루스첨단소재1우,282
전자장비와기기,이트론,282
전자장비와기기,삼진엘앤디,282
전자장비와기기,대덕1우,282
전자장비와기기,인터엠,282
전자장비와기기,삼양옵틱스,282
전자장비와기기,슈프리마에이치큐,282
전자장비와기기,상아프론테크,282
전자장비와기기,대덕,282
전자장비와기기,삼영에스앤씨,282
전자장비와기기,유니온커뮤니티,282
전자장비와기기,에스에이엠티,282
전자장비와기기,에이프로,282
전자장비와기기,이랜시스,282
전자장비와기기,자화전자,282
전자장비와기기,상신전자,282
전자장비와기기,제이앤티씨,282
전자장비와기기,비에이치,282
전자장비와기기,태성,282
전자장비와기기,백금T&A,282
전자장비와기기,다원시스,282
전자장비와기기,포커스에이치엔에스,282
전자장비와기기,바이오스마트,282
전자장비와기기,아이디스,282
전자장비와기기,센코,282
전자장비와기기,아이씨에이치,282
전자장비와기기,현우산업,282
전자장비와기기,코리아써우,282
전자장비와기기,엔시스,282
전자장비와기기,브이원텍,282
전자장비와기기,슈프리마,282
전자장비와기기,모다이노칩,282
전자장비와기기,삼성전기우,282
전자장비와기기,LG이노텍,282
전자장비와기기,남성,282
전자장비와기기,광전자,282
전자장비와기기,써니전자,282
전자장비와기기,아이티엠반도체,282
전자장비와기기,에스티큐브,282
전자장비와기기,제이씨현시스템,282
전자장비와기기,소니드,282
전자장비와기기,옵트론텍,282
전자장비와기기,카스,282
전자장비와기기,뉴프렉스,282
전자장비와기기,인터플렉스,282
전자장비와기기,대덕전자1우,282
전자장비와기기,유일에너테크,282
전자장비와기기,위드텍,282
전자장비와기기,고영,282
전자장비와기기,퓨런티어,282
전자장비와기기,코리아써키트,282
전자장비와기기,삼성전기,282
전자장비와기기,파크시스템스,282
전자장비와기기,이수페타시스,282
전자장비와기기,대동전자,282
전자장비와기기,심텍,282
전자장비와기기,심텍홀딩스,282
전자장비와기기,대덕전자,282
전자장비와기기,에이치시티,282
양방향미디어와서비스,THE,300
양방향미디어와서비스,NAVER,300
양방향미디어와서비스,플리토,300
양방향미디어와서비스,티사이언티픽,300
양방향미디어와서비스,줌인터넷,300
양방향미디어와서비스,키다리스튜디오,300
양방향미디어와서비스,카카오,300
양방향미디어와서비스,자이언트스텝,300
양방향미디어와서비스,FSN,300
양방향미디어와서비스,캐리소프트,300
양방향미디어와서비스,아프리카TV,300
"섬유,의류,신발,호화품",코데즈컴바인,274
"섬유,의류,신발,호화품",비비안,274
"섬유,의류,신발,호화품",폴라리스우노,274
"섬유,의류,신발,호화품",브랜드엑스코퍼레이션,274
"섬유,의류,신발,호화품",아즈텍WB,274
"섬유,의류,신발,호화품",까스텔바작,274
"섬유,의류,신발,호화품",제이에스티나,274
"섬유,의류,신발,호화품",방림,274
"섬유,의류,신발,호화품",BYC,274
"섬유,의류,신발,호화품",일신방직,274
"섬유,의류,신발,호화품",성안,274
"섬유,의류,신발,호화품",대원화성,274
"섬유,의류,신발,호화품",삼양통상,274
"섬유,의류,신발,호화품",BYC우,274
"섬유,의류,신발,호화품",DI동일,274
"섬유,의류,신발,호화품",효성티앤씨,274
"섬유,의류,신발,호화품",유니켐,274
"섬유,의류,신발,호화품",비케이탑스,274
"섬유,의류,신발,호화품",좋은사람들,274
"섬유,의류,신발,호화품",대한방직,274
"섬유,의류,신발,호화품",경방,274
"섬유,의류,신발,호화품",원풍물산,274
"섬유,의류,신발,호화품",LS네트웍스,274
"섬유,의류,신발,호화품",호전실업,274
"섬유,의류,신발,호화품",대현,274
"섬유,의류,신발,호화품",덕성우,274
"섬유,의류,신발,호화품",인디에프,274
"섬유,의류,신발,호화품",신성통상,274
"섬유,의류,신발,호화품",디케이앤디,274
"섬유,의류,신발,호화품",SG세계물산,274
"섬유,의류,신발,호화품",신영와코루,274
"섬유,의류,신발,호화품",신원,274
"섬유,의류,신발,호화품",코웰패션,274
"섬유,의류,신발,호화품",배럴,274
"섬유,의류,신발,호화품",태평양물산,274
"섬유,의류,신발,호화품",한섬,274
"섬유,의류,신발,호화품",쌍방울,274
"섬유,의류,신발,호화품",에스제이그룹,274
"섬유,의류,신발,호화품",젬백스링크,274
"섬유,의류,신발,호화품",더네이쳐홀딩스,274
"섬유,의류,신발,호화품",휴비스,274
"섬유,의류,신발,호화품",씨앤투스성진,274
"섬유,의류,신발,호화품",화승인더,274
"섬유,의류,신발,호화품",아가방컴퍼니,274
"섬유,의류,신발,호화품",이스트아시아홀딩스,274
"섬유,의류,신발,호화품",제로투세븐,274
"섬유,의류,신발,호화품",골드퍼시픽,274
"섬유,의류,신발,호화품",전방,274
"섬유,의류,신발,호화품",패션플랫폼,274
"섬유,의류,신발,호화품",엠에프엠코리아,274
"섬유,의류,신발,호화품",국동,274
"섬유,의류,신발,호화품",한세엠케이,274
"섬유,의류,신발,호화품",토박스코리아,274
"섬유,의류,신발,호화품",윌비스,274
"섬유,의류,신발,호화품",영원무역홀딩스,274
"섬유,의류,신발,호화품",한세예스24홀딩스,274
"섬유,의류,신발,호화품",지엔코,274
"섬유,의류,신발,호화품",에스티오,274
"섬유,의류,신발,호화품",조광피혁,274
"섬유,의류,신발,호화품",메타랩스,274
"섬유,의류,신발,호화품",형지I&C;,274
"섬유,의류,신발,호화품",백산,274
"섬유,의류,신발,호화품",TBH글로벌,274
"섬유,의류,신발,호화품",형지엘리트,274
"섬유,의류,신발,호화품",F&F;,274
"섬유,의류,신발,호화품",진도,274
"섬유,의류,신발,호화품",F&F;홀딩스,274
"섬유,의류,신발,호화품",제이에스코퍼레이션,274
"섬유,의류,신발,호화품",LF,274
"섬유,의류,신발,호화품",신세계인터내셔날,274
"섬유,의류,신발,호화품",덕성,274
"섬유,의류,신발,호화품",크리스에프앤씨,274
"섬유,의류,신발,호화품",감성코퍼레이션,274
"섬유,의류,신발,호화품",영원무역,274
"섬유,의류,신발,호화품",인바이오젠,274
"섬유,의류,신발,호화품",그리티,274
"섬유,의류,신발,호화품",휠라홀딩스,274
"섬유,의류,신발,호화품",공구우먼,274
"섬유,의류,신발,호화품",화승엔터프라이즈,274
"섬유,의류,신발,호화품",한세실업,274
인터넷과카탈로그소매,아이톡시,308
인터넷과카탈로그소매,현대홈쇼핑,308
인터넷과카탈로그소매,다나와,308
인터넷과카탈로그소매,예스24,308
인터넷과카탈로그소매,케이티알파,308
인터넷과카탈로그소매,청담글로벌,308
인터넷과카탈로그소매,아이에스이커머스,308
인터넷과카탈로그소매,코리아센터,308
인터넷과카탈로그소매,실리콘투,308
인터넷과카탈로그소매,그래디언트,308
인터넷과카탈로그소매,에코마케팅,308
건강관리기술,루닛,288
건강관리기술,제이엘케이,288
건강관리기술,솔본,288
건강관리기술,유비케어,288
건강관리기술,제이시스메디칼,288
건강관리기술,뷰노,288
건강관리기술,케어랩스,288
건강관리기술,비트컴퓨터,288
건강관리기술,인피니트헬스케어,288
건강관리기술,라이프시맨틱스,288
건강관리기술,이지케어텍,288
건강관리기술,CJ,288
생물공학,티앤알바이오팹,286
생물공학,진원생명과학,286
생물공학,신라젠,286
생물공학,큐리언트,286
생물공학,싸이토젠,286
생물공학,에이비엘바이오,286
생물공학,애니젠,286
생물공학,강스템바이오텍,286
생물공학,네이처셀,286
생물공학,메디포스트,286
생물공학,아시아종묘,286
생물공학,셀리드,286
생물공학,농우바이오,286
생물공학,셀레믹스,286
생물공학,케어젠,286
생물공학,지니너스,286
생물공학,오리엔트바이오,286
생물공학,툴젠,286
생물공학,클리노믹스,286
생물공학,압타머사이언스,286
생물공학,바이오에프디엔씨,286
생물공학,차바이오텍,286
생물공학,고바이오랩,286
생물공학,쎌바이오텍,286
생물공학,유바이오로직스,286
생물공학,아미코젠,286
생물공학,펩트론,286
생물공학,앱클론,286
생물공학,아이진,286
생물공학,알테오젠,286
생물공학,바이오니아,286
생물공학,오스코텍,286
생물공학,헬릭스미스,286
생물공학,메디톡스,286
생물공학,유틸렉스,286
생물공학,코아스템,286
생물공학,진매트릭스,286
생물공학,휴젤,286
생물공학,테고사이언스,286
생물공학,제넥신,286
생물공학,바이오솔루션,286
생물공학,팬젠,286
생물공학,파멥신,286
생물공학,비엘,286
생물공학,서린바이오,286
생물공학,올릭스,286
생물공학,셀리버리,286
생물공학,제노포커스,286
생명과학도구및서비스,피엔케이피부임상연구센타,262
생명과학도구및서비스,랩지노믹스,262
생명과학도구및서비스,소마젠,262
생명과학도구및서비스,디엔에이링크,262
생명과학도구및서비스,마크로젠,262
생명과학도구및서비스,디엑스앤브이엑스,262
생명과학도구및서비스,일신바이오,262
생명과학도구및서비스,프리시젼바이오,262
생명과학도구및서비스,서흥,262
생명과학도구및서비스,인트론바이오,262
생명과학도구및서비스,모비스,262
생명과학도구및서비스,켐온,262
생명과학도구및서비스,파나진,262
생명과학도구및서비스,대한과학,262
생명과학도구및서비스,우정바이오,262
생명과학도구및서비스,피씨엘,262
생명과학도구및서비스,얼라인드,262
생명과학도구및서비스,지더블유바이텍,262
생명과학도구및서비스,나노엔텍,262
생명과학도구및서비스,바이오톡스텍,262
생명과학도구및서비스,엑세스바이오,262
생명과학도구및서비스,노터스,262
생명과학도구및서비스,레고켐바이오,262
생명과학도구및서비스,퀀타매트릭스,262
생명과학도구및서비스,휴마시스,262
생명과학도구및서비스,EDGC,262
생명과학도구및서비스,엔케이맥스,262
생명과학도구및서비스,바디텍메드,262
생명과학도구및서비스,크리스탈지노믹스,262
생명과학도구및서비스,엔젠바이오,262
생명과학도구및서비스,씨젠,262
방송과엔터테인먼트,SBS콘텐츠허브,285
방송과엔터테인먼트,YTN,285
방송과엔터테인먼트,SBS,285
방송과엔터테인먼트,드림어스컴퍼니,285
방송과엔터테인먼트,레드로버,285
방송과엔터테인먼트,제이웨이,285
방송과엔터테인먼트,아리온,285
방송과엔터테인먼트,소리바다,285
방송과엔터테인먼트,iMBC,285
방송과엔터테인먼트,한국경제TV,285
방송과엔터테인먼트,CJ,285
방송과엔터테인먼트,씨씨에스,285
방송과엔터테인먼트,알비더블유,285
방송과엔터테인먼트,스카이이앤엠,285
방송과엔터테인먼트,콘텐트리중앙,285
방송과엔터테인먼트,코퍼스코리아,285
방송과엔터테인먼트,KX,285
방송과엔터테인먼트,티와이홀딩스우,285
방송과엔터테인먼트,바른손이앤에이,285
방송과엔터테인먼트,티와이홀딩스,285
방송과엔터테인먼트,아이오케이,285
방송과엔터테인먼트,애니플러스,285
방송과엔터테인먼트,초록뱀미디어,285
방송과엔터테인먼트,CJ,285
방송과엔터테인먼트,초록뱀컴퍼니,285
방송과엔터테인먼트,갤럭시아에스엠,285
방송과엔터테인먼트,아센디오,285
방송과엔터테인먼트,쇼박스,285
방송과엔터테인먼트,키이스트,285
방송과엔터테인먼트,KNN,285
방송과엔터테인먼트,스튜디오산타클로스,285
방송과엔터테인먼트,스카이라이프,285
방송과엔터테인먼트,스튜디오드래곤,285
방송과엔터테인먼트,LG헬로비전,285
방송과엔터테인먼트,NHN벅스,285
방송과엔터테인먼트,IHQ,285
방송과엔터테인먼트,YG,285
방송과엔터테인먼트,NEW,285
방송과엔터테인먼트,래몽래인,285
방송과엔터테인먼트,지니뮤직,285
방송과엔터테인먼트,와이지엔터테인먼트,285
방송과엔터테인먼트,삼화네트웍스,285
방송과엔터테인먼트,판타지오,285
방송과엔터테인먼트,에프엔씨엔터,285
방송과엔터테인먼트,덱스터,285
방송과엔터테인먼트,팬엔터테인먼트,285
방송과엔터테인먼트,대원미디어,285
방송과엔터테인먼트,하이브,285
방송과엔터테인먼트,에이스토리,285
방송과엔터테인먼트,에스엠,285
방송과엔터테인먼트,티비씨,285
방송과엔터테인먼트,JYP,285
방송과엔터테인먼트,SM,285
방송과엔터테인먼트,위지윅스튜디오,285
방송과엔터테인먼트,큐브엔터,285
방송과엔터테인먼트,포바이포,285
IT서비스,대신정보통신,267
IT서비스,코닉오토메이션,267
IT서비스,오파스넷,267
IT서비스,비츠로시스,267
IT서비스,한네트,267
IT서비스,소프트센,267
IT서비스,리노스,267
IT서비스,SBI핀테크솔루션즈,267
IT서비스,미래아이앤지,267
IT서비스,인포바인,267
IT서비스,소프트센우,267
IT서비스,에프앤가이드,267
IT서비스,라피치,267
IT서비스,토마토시스템,267
IT서비스,브리지텍,267
IT서비스,한일네트웍스,267
IT서비스,DB,267
IT서비스,로지시스,267
IT서비스,이삭엔지니어링,267
IT서비스,에스트래픽,267
IT서비스,한국전자금융,267
IT서비스,케이씨에스,267
IT서비스,케이아이엔엑스,267
IT서비스,가비아,267
IT서비스,나무기술,267
IT서비스,한국전자인증,267
IT서비스,티라유텍,267
IT서비스,한솔인티큐브,267
IT서비스,아시아나IDT,267
IT서비스,엠브레인,267
IT서비스,유엔젤,267
IT서비스,아이티아이즈,267
IT서비스,핑거,267
IT서비스,NHN,267
IT서비스,포스코,267
IT서비스,한국정보인증,267
IT서비스,KG모빌리언스,267
IT서비스,콤텍시스템,267
IT서비스,대아티아이,267
IT서비스,플래티어,267
IT서비스,드림시큐리티,267
IT서비스,롯데정보통신,267
IT서비스,이노뎁,267
IT서비스,시티랩스,267
IT서비스,갤럭시아머니트리,267
IT서비스,삼성에스디에스,267
IT서비스,케이엘넷,267
IT서비스,헥토이노베이션,267
IT서비스,오픈베이스,267
IT서비스,엔텔스,267
IT서비스,쌍용정보통신,267
IT서비스,인포뱅크,267
IT서비스,마인즈랩,267
IT서비스,이씨에스,267
IT서비스,씨이랩,267
IT서비스,다날,267
IT서비스,큐로컴,267
IT서비스,데이타솔루션,267
IT서비스,현대오토에버,267
IT서비스,신세계,267
IT서비스,카페24,267
IT서비스,링네트,267
IT서비스,쿠콘,267
IT서비스,KG이니시스,267
IT서비스,와이더플래닛,267
IT서비스,코나아이,267
IT서비스,딥노이드,267
IT서비스,싸이버원,267
IT서비스,웨이버스,267
IT서비스,솔트룩스,267
IT서비스,원티드랩,267
IT서비스,헥토파이낸셜,267
IT서비스,수산아이앤티,267
IT서비스,카카오페이,267
IT서비스,정원엔시스,267
IT서비스,이루온,267
IT서비스,NHN한국사이버결제,267
게임엔터테인먼트,액션스퀘어,263
게임엔터테인먼트,미스터블루,263
게임엔터테인먼트,위메이드플레이,263
게임엔터테인먼트,골프존,263
게임엔터테인먼트,스카이문스테크놀로지,263
게임엔터테인먼트,베스파,263
게임엔터테인먼트,코원플레이,263
게임엔터테인먼트,넥슨게임즈,263
게임엔터테인먼트,웹젠,263
게임엔터테인먼트,모비릭스,263
게임엔터테인먼트,펄어비스,263
게임엔터테인먼트,드래곤플라이,263
게임엔터테인먼트,미투젠,263
게임엔터테인먼트,썸에이지,263
게임엔터테인먼트,엠게임,263
게임엔터테인먼트,액토즈소프트,263
게임엔터테인먼트,조이시티,263
게임엔터테인먼트,플레이위드,263
게임엔터테인먼트,미투온,263
게임엔터테인먼트,컴투스,263
게임엔터테인먼트,위메이드맥스,263
게임엔터테인먼트,데브시스터즈,263
게임엔터테인먼트,한빛소프트,263
게임엔터테인먼트,카카오게임즈,263
게임엔터테인먼트,크래프톤,263
게임엔터테인먼트,위메이드,263
게임엔터테인먼트,네오위즈홀딩스,263
게임엔터테인먼트,넷마블,263
게임엔터테인먼트,컴투스홀딩스,263
게임엔터테인먼트,엔씨소프트,263
게임엔터테인먼트,넵튠,263
게임엔터테인먼트,룽투코리아,263
게임엔터테인먼트,네오위즈,263
게임엔터테인먼트,더블유게임즈,263
건강관리업체및서비스,네오펙트,316
건강관리업체및서비스,신테카바이오,316
건강관리업체및서비스,서울리거,316
건강관리업체및서비스,지씨셀,316
